Workbook

Sheet Raw Data
A1: 350 TPD
H2: COAL QUALITY | O2: PRODUCTION OUTPUT (MT)
A3: S.No | B3: Date | C3: SAIL | D3: Mix Fines MT | E3: Total Iron Feed MT | F3: Coal MT | G3: Coal Others MT | H3: Total Coal MT | I3: Dolomite MT | J3: Dolomite MT | K3: Total Dolomite MT | L3: Avg FC % | M3: Moisture % | N3: KMD | O3: A Grade MT | P3: B Grade MT | Q3: Total Prod MT | R3: FL
A4: 1 | B4: 46169 | C4: 500 | D4: 0 | E4: =C4+D4 -> 500 | F4: 576 | G4: 24 | H4: =F4+G4 -> 600 | I4: 40 | J4: 0 | K4: =+I4+J4 -> 40 | L4: 0.58 | M4: 0.11 | N4: 2.45 | O4: 458 | P4: 22 | Q4: =O4+P4 -> 480 | R4: NIL
A34: MONTHLY TOTAL / AVG | C34: =SUM(C4:C33) -> 500 | D34: =SUM(D4:D33) -> 0 | E34: =SUM(E4:E33) -> 500 | F34: =SUM(F4:F33) -> 576 | G34: =SUM(G4:G33) -> 24 | H34: =SUM(H4:H33) -> 600 | I34: =SUM(I4:I33) -> 40 | J34: =SUM(J4:J33) -> 0 | K34: =SUM(K4:K33) -> 40 | L34: =AVERAGE(L4:L33) -> 0.58 | M34: =AVERAGE(M4:M33) -> 0.11 | N34: =AVERAGE(N4:N33) -> 2.45 | O34: =SUM(O4:O33) -> 458 | P34: =SUM(P4:P33) -> 22 | Q34: =SUM(Q4:Q33) -> 480 | R34: -

Sheet KPI Calculations
A1: 350 TPD
A2: S.No | B2: Date | C2: Total Iron Feed MT | D2: Total Coal MT | E2: Total Dolomite MT | F2: Total Prod MT | G2: Coal Specific Consumption (MT/MT) | H2: Pellet Specific Consumption (MT/MT) | I2: Dolo Specific Consumption (MT/MT) | J2: Yield Ratio % | K2: A Grade % | L2: B Grade %
A3: 1 | B3: 46169 | C3: ='Raw Data'!E4 -> 500 | D3: ='Raw Data'!H4 -> 600 | E3: ='Raw Data'!K4 -> 40 | F3: ='Raw Data'!Q4 -> 480 | G3: =IF(F3>0,D3/F3,0) -> 1.25 | H3: =IF(F3>0,C3/F3,0) -> 1.0416667 | I3: =IF(F3>0,E3/F3,0) -> 0.083333333 | J3: =IF(C3>0,F3/C3,0) -> 0.96 | K3: =IF(F3>0,'Raw Data'!O4/F3,0) -> 0.95416667 | L3: =IF(F3>0,'Raw Data'!P4/F3,0) -> 0.045833333
A33: MONTHLY AVG | C33: =SUM(C3:C32) -> 500 | D33: =SUM(D3:D32) -> 600 | F33: =SUM(F3:F32) -> 480 | G33: =IFERROR(SUM(D3:D32)/SUM(F3:F32),0) -> 1.25 | H33: =IFERROR(SUM(C3:C32)/SUM(F3:F32),0) -> 1.0416667 | I33: =IFERROR(SUM(E3:E32)/SUM(F3:F32),0) -> 0.083333333 | J33: =IFERROR(SUM(F3:F32)/SUM(C3:C32),0) -> 0.96 | K33: =IFERROR(SUMPRODUCT((F3:F32>0)*'Raw Data'!O4:O33)/SUM(F3:F32),0) -> 0.95416667 | L33: =AVERAGE(L3:L32) -> 0.045833333

Sheet Cost Impact
A1: COST IMPACT ANALYSIS — Raw Material Price Sensitivity on Production Cost
A3: Coal Price (₹/MT) | B3: 9800
A4: Pellet Price (₹/MT) | B4: 11500
A5: Dolomite Price (₹/MT) | B5: 3200
A6: Target Margin/MT (₹) | B6: 4500
A7: Selling Price/MT (₹) | B7: 34000
A10: DAILY PRODUCTION COST BREAKDOWN (Linked from KPI Sheet)
A11: S.No | B11: Date | C11: Total Prod MT | D11: Coal Cost/MT (₹) | E11: Pellet Cost/MT (₹) | F11: Dolo Cost/MT (₹) | G11: Total RM Cost/MT (₹) | H11: Contribution Margin/MT (₹)
A12: 1 | B12: ='KPI Calculations'!B3 -> 46169 | C12: ='KPI Calculations'!F3 -> 480 | D12: ='KPI Calculations'!G3*$B$3 -> 12250 | E12: ='KPI Calculations'!H3*$B$4 -> 11979.167 | F12: ='KPI Calculations'!I3*$B$5 -> 266.66667 | G12: =D12+E12+F12 -> 24495.833 | H12: =$B$7-G12 -> 9504.1667
A13: 2 | B13: ='KPI Calculations'!B4 -> 0 | C13: ='KPI Calculations'!F4 -> 0 | D13: ='KPI Calculations'!G4*$B$3 -> 0 | E13: ='KPI Calculations'!H4*$B$4 -> 0 | F13: ='KPI Calculations'!I4*$B$5 -> 0 | G13: =D13+E13+F13 -> 0 | H13: =$B$7-G13 -> 34000
A14: 3 | B14: ='KPI Calculations'!B5 -> 0 | C14: ='KPI Calculations'!F5 -> 0 | D14: ='KPI Calculations'!G5*$B$3 -> 0 | E14: ='KPI Calculations'!H5*$B$4 -> 0 | F14: ='KPI Calculations'!I5*$B$5 -> 0 | G14: =D14+E14+F14 -> 0 | H14: =$B$7-G14 -> 34000
A15: 4 | B15: ='KPI Calculations'!B6 -> 0 | C15: ='KPI Calculations'!F6 -> 0 | D15: ='KPI Calculations'!G6*$B$3 -> 0 | E15: ='KPI Calculations'!H6*$B$4 -> 0 | F15: ='KPI Calculations'!I6*$B$5 -> 0 | G15: =D15+E15+F15 -> 0 | H15: =$B$7-G15 -> 34000
A16: 5 | B16: ='KPI Calculations'!B7 -> 0 | C16: ='KPI Calculations'!F7 -> 0 | D16: ='KPI Calculations'!G7*$B$3 -> 0 | E16: ='KPI Calculations'!H7*$B$4 -> 0 | F16: ='KPI Calculations'!I7*$B$5 -> 0 | G16: =D16+E16+F16 -> 0 | H16: =$B$7-G16 -> 34000
A17: 6 | B17: ='KPI Calculations'!B8 -> 0 | C17: ='KPI Calculations'!F8 -> 0 | D17: ='KPI Calculations'!G8*$B$3 -> 0 | E17: ='KPI Calculations'!H8*$B$4 -> 0 | F17: ='KPI Calculations'!I8*$B$5 -> 0 | G17: =D17+E17+F17 -> 0 | H17: =$B$7-G17 -> 34000
A18: 7 | B18: ='KPI Calculations'!B9 -> 0 | C18: ='KPI Calculations'!F9 -> 0 | D18: ='KPI Calculations'!G9*$B$3 -> 0 | E18: ='KPI Calculations'!H9*$B$4 -> 0 | F18: ='KPI Calculations'!I9*$B$5 -> 0 | G18: =D18+E18+F18 -> 0 | H18: =$B$7-G18 -> 34000
A19: 8 | B19: ='KPI Calculations'!B10 -> 0 | C19: ='KPI Calculations'!F10 -> 0 | D19: ='KPI Calculations'!G10*$B$3 -> 0 | E19: ='KPI Calculations'!H10*$B$4 -> 0 | F19: ='KPI Calculations'!I10*$B$5 -> 0 | G19: =D19+E19+F19 -> 0 | H19: =$B$7-G19 -> 34000
A20: 9 | B20: ='KPI Calculations'!B11 -> 0 | C20: ='KPI Calculations'!F11 -> 0 | D20: ='KPI Calculations'!G11*$B$3 -> 0 | E20: ='KPI Calculations'!H11*$B$4 -> 0 | F20: ='KPI Calculations'!I11*$B$5 -> 0 | G20: =D20+E20+F20 -> 0 | H20: =$B$7-G20 -> 34000
A21: 10 | B21: ='KPI Calculations'!B12 -> 0 | C21: ='KPI Calculations'!F12 -> 0 | D21: ='KPI Calculations'!G12*$B$3 -> 0 | E21: ='KPI Calculations'!H12*$B$4 -> 0 | F21: ='KPI Calculations'!I12*$B$5 -> 0 | G21: =D21+E21+F21 -> 0 | H21: =$B$7-G21 -> 34000
A22: 11 | B22: ='KPI Calculations'!B13 -> 0 | C22: ='KPI Calculations'!F13 -> 0 | D22: ='KPI Calculations'!G13*$B$3 -> 0 | E22: ='KPI Calculations'!H13*$B$4 -> 0 | F22: ='KPI Calculations'!I13*$B$5 -> 0 | G22: =D22+E22+F22 -> 0 | H22: =$B$7-G22 -> 34000
A23: 12 | B23: ='KPI Calculations'!B14 -> 0 | C23: ='KPI Calculations'!F14 -> 0 | D23: ='KPI Calculations'!G14*$B$3 -> 0 | E23: ='KPI Calculations'!H14*$B$4 -> 0 | F23: ='KPI Calculations'!I14*$B$5 -> 0 | G23: =D23+E23+F23 -> 0 | H23: =$B$7-G23 -> 34000
... A41: 30 | B41: ='KPI Calculations'!B32 -> 0 | C41: ='KPI Calculations'!F32 -> 0 | D41: ='KPI Calculations'!G32*$B$3 -> 0 | E41: ='KPI Calculations'!H32*$B$4 -> 0 | F41: ='KPI Calculations'!I32*$B$5 -> 0 | G41: =D41+E41+F41 -> 0 | H41: =$B$7-G41 -> 34000
A42: MONTHLY TOTAL / AVG | C42: =SUM(C12:C41) -> 480 | D42: =AVERAGE(D12:D41) -> 408.33333 | E42: =AVERAGE(E12:E41) -> 399.30556 | F42: =AVERAGE(F12:F41) -> 8.8888889 | G42: =SUMPRODUCT(C12:C41,G12:G41) -> 11758000 | H42: =IFERROR(SUMPRODUCT((C12:C41>0)*H12:H41)/SUMPRODUCT((C12:C41>0)*1),0) -> 9504.1667
A44: Coal price assumption (₹/MT) | B44: =$B$3 -> 9800
A45: Avg daily production (MT) | B45: =AVERAGE('KPI Calculations'!F3:F32) -> 480
A46: Cost impact of +0.1 coal ratio (₹/day) | B46: =B44*0.1*B45 -> 470400
A47: Cost impact of +0.1 coal ratio (₹/month) | B47: =B46*30 -> 14112000
A48: Margin compression per MT (₹) | B48: =$B$3*0.1 -> 980

Sheet Monthly Summary
A1: MONTHLY KPI 350 TPD
A3: Total Production (MT) | C3: Avg Coal Specific Consumption | E3: Avg Pellet Specific Consumption
A4: ='KPI Calculations'!F33 -> 480 | C4: ='KPI Calculations'!G33 -> 1.25 | E4: ='KPI Calculations'!H33 -> 1.0416667
A8: Avg Yield Ratio % | C8: Avg A Grade % | E8: Total RM Cost (₹)
A9: ='KPI Calculations'!J33 -> 0.96 | C9: ='KPI Calculations'!K33 -> 0.95416667 | E9: ='Cost Impact'!G42 -> 11758000
